{"cameraMode":{"drawMode":0,"name":"Shaded","section":"Shading Mode"},"sceneLighting":true,"audioPlay":false,"sceneViewState":{"m_AlwaysRefresh":false,"showFog":true,"showSkybox":true,"showFlares":true,"showImageEffects":true,"showParticleSystems":true,"showVisualEffectGraphs":true,"m_FxEnabled":true},"in2DMode":false,"pivot":{"x":-0.060260046273469928,"y":0.8818250298500061,"z":-0.14048674702644349},"rotation":{"x":-0.3157500624656677,"y":-0.5159823298454285,"z":0.21228396892547608,"w":-0.767471194267273},"size":3.3963043689727785,"orthographic":false}